{"1":"Abohar","2":"Achalpur","3":"Adilabad","4":"Adityapur","5":"Adoni","6":"Agartala","7":"Agartala MCl","8":"Agra","9":"Ahmadnagar","10":"Ahmedabad","11":"Ahmednagar","12":"Aizawal","13":"Aizawl","14":"Ajmer","15":"Akola","16":"Akot","17":"Alandur","18":"Alappuzha","19":"Aligarh","20":"Alipur Duar","21":"Allahabad","22":"Alwal","23":"Alwar","24":"Amalner","25":"Ambajogai","26":"Ambala","27":"Ambala Cantonment","28":"Ambala Sadar","29":"Ambattur","30":"Ambikapur","31":"Ambur","32":"Amravati","33":"Amreli","34":"Amritsar","35":"Amroha","36":"Anakapalle","37":"Anand","38":"Anantapur","39":"Anantnag","40":"Anjangaon","41":"Anjar","42":"Ankleshwar","43":"Any Where in India","44":"Aonla","45":"Arakonam","46":"Arambagh","47":"Arani","48":"Araria","49":"Arrah","50":"Aruppukkottai","51":"Asansol","52":"Ashoknagar","53":"Ashoknagar Kalyangarh","54":"Attur","55":"Auraiya","56":"Aurangabad","57":"Avadi","58":"Avaniapuram","59":"Ayodhya","60":"Azamgarh","61":"Badharghat","62":"Badlapur","63":"Bagaha","64":"Bagalkot","65":"Bagbahra","66":"Bahadurgarh","67":"Baharampur","68":"Baheri","69":"Bahraich","70":"Baidyabati","71":"Baj Baj","72":"Balaghat","73":"Balangir","74":"Baleshwar","75":"Ballarpur","76":"Ballia","77":"Bally","78":"Bally Cantonment","79":"Balotra","80":"Balrampur","81":"Balurghat","82":"Banda","83":"Bangalore","84":"Bengaluru","85":"Bangaon","86":"Bankra","87":"Bankura","88":"Bansbaria","89":"Banswara","90":"Bapatla","91":"Baramati","92":"Baramula","93":"Baran","94":"Baranagar","95":"Baraut","96":"Barbil","97":"Barddhaman","98":"Bardoli","99":"Bareilly","100":"Bareli","101":"Bargarh","102":"Bari","103":"Bari Brahmana","104":"Baripada","105":"Barmer","106":"Barnala","107":"Barpeta","108":"Barsi","109":"Basavakalyan","110":"Basirhat","111":"Basmat","112":"Basoda","113":"Basti","114":"Batala","115":"Bathinda","116":"Beawar","117":"Begusarai","118":"Behta Hajipur","119":"Bela","120":"Belgaum","121":"Bellampalli","122":"Bellary","123":"Bettiah","124":"Betul","125":"Beypur","126":"Bhabua","127":"Bhadohi","128":"Bhadrak","129":"Bhadravati","130":"Bhadreswar","131":"Bhagalpur","132":"Bhalswa Jahangirpur","133":"Bhandara","134":"Bharatpur","135":"Bharuch","136":"Bharukh","137":"Bhatindra","138":"Bhatpara","139":"Bhavnagar","140":"Bhawanipatna","141":"Bhilai","142":"Bhilwara","143":"Bhimavaram","144":"Bhind","145":"Bhiwadi","146":"Bhiwandi","147":"Bhiwani","148":"Bhongir","149":"Bhopal","150":"Bhubaneshwar","151":"Bhuj","152":"Bhuli","153":"Bhusawal","154":"Bid","155":"Bidar","156":"Bidhannagar","157":"Bihar","158":"Bijapur","159":"Bijnor","160":"Bikaner","161":"Bilaspur","162":"BinaEtawa","163":"Binnaguri","164":"Bisalpur","165":"Bishnupur","166":"Biswan","167":"Bobbili","168":"Bodhan","169":"Bodinayakkanur","170":"Bokaro","171":"Bolpur","172":"Bommanahalli","173":"Bongaigaon","174":"Borsad","175":"Botad","176":"Brahmapur","177":"Brajrajnagar","178":"Budaun","179":"Bulandshahr","180":"Buldana","181":"Bundi","182":"Burari","183":"Burhanpur","184":"Buxar","185":"Byatarayanapura","186":"Chaibasa","187":"Chakdaha","188":"Chalisgaon","189":"Challakere","190":"Champdani","191":"Chamrajnagar","192":"Chandannagar","193":"Chandausi","194":"Chandigarh","195":"Chandkheda","196":"Chandlodiya","197":"Chandpur","198":"Chandrapur","199":"Channapatna","200":"Charkhi Dadri","201":"Charoda","202":"Chas","203":"Chengalpattu","204":"Chennai","205":"Cheruvannur","206":"Chhapra","207":"Chhatarpur","208":"Chhibramau","209":"Chhindwara","210":"Chik Ballapur","211":"Chikhli","212":"Chikmagalur","213":"Chilakalurupet","214":"Chilla Saroda Bangar","215":"Chinnachawk","216":"Chintamani","217":"Chiplun","218":"Chirala","219":"Chirmiri","220":"Chitradurga","221":"Chitrakut Dham","222":"Chittaurgarh","223":"Chittur","224":"Chomun","225":"Chopda","226":"Churu","227":"Coimbatore","228":"Contai","229":"Cuddalore","230":"Cuddapah","231":"Cuttack","232":"Dabgram","233":"Dabhoi","234":"Dabra","235":"Dabwali","236":"Dadri","237":"Dahanu","238":"Dahod","239":"dalhousie","240":"Dallo Pura","241":"Daltenganj","242":"Damoh","243":"Daosa","244":"Darbhanga","245":"Darjiling","246":"Dasarahalli","247":"Datia","248":"Davanagere","249":"Dehra Dun Cantonment","250":"Dehradun","251":"Dehri","252":"Delhi","253":"Deoband","254":"Deolali","255":"Deoli","256":"Deoria","257":"Devghar","258":"Dewas","259":"Dhamtari","260":"Dhanbad","261":"Dhar","262":"Dharapuram","263":"Dharmapuri","264":"Dharmashala","265":"Dharmavaram","266":"Dharwada","267":"Dhaulpur","268":"Dhenkanal","269":"Dholka","270":"Dhone","271":"Dhoraji","272":"Dhrangadhra","273":"Dhuburi","274":"Dhule","275":"Dhulian","276":"Dhuri","277":"Dibrugarh","278":"Didwana","279":"Digdoh","280":"DighaMainpura","281":"Diglur","282":"Dilli Cantonment","283":"Dimapur","284":"Dinapur","285":"Dindigul","286":"Dinhata","287":"Diphu","288":"Disa","289":"Dod Ballapur","290":"Dum Dum","291":"Dumraon","292":"Durg","293":"Durgapur","294":"Edakkara","295":"Edathala","296":"Eluru","297":"Ernakulam","298":"Kochi","299":"Cochin","300":"Erode","301":"Etah","302":"Etawah","303":"Faizabad","304":"Faridabad","305":"Faridkot","306":"Faridpur","307":"Farrukhabad","308":"Fatehpur","309":"Fazilka","310":"Firozabad","311":"Firozpur","312":"Firozpur Cantonment","313":"Gadag","314":"Gadchiroli","315":"Gaddiannaram","316":"Gadwal","317":"Gajraula","318":"Gajuwaka","319":"Gandhidham","320":"Gandhinagar","321":"Ganga Ghat","322":"Ganganagar","323":"Gangapur","324":"Gangarampur","325":"Gangawati","326":"Gangoh","327":"Gangtok","328":"Garulia","329":"Gaya","330":"Gayespur","331":"Gharoli","332":"Ghatal","333":"Ghatlodiya","334":"Ghaziabad","335":"Ghazipur","336":"Gir Gujarat","337":"Gobindgarh","338":"Godhra","339":"Gohad","340":"Gohana","341":"Gokak","342":"Gokalpur","343":"Gola Gokarannath","344":"Gola Range","345":"Gonda","346":"Gondal","347":"Gondiya","348":"Gopalganj","349":"Gopalpur","350":"Gopichettipalaiyam","351":"Gorakhpur","352":"Goura","353":"Gudalur","354":"Gudivada","355":"Gudiyattam","356":"Gudur","357":"Gulbarga","358":"Guna","359":"Guntakal","360":"Guntur","361":"Gurdaspur","362":"Gurgaon","363":"Guwahati","364":"Gwalior","365":"Habra","366":"Hajipur","367":"Haldia","368":"Haldwani","369":"Halisahar","370":"Hanumangarh","371":"Haora","372":"Hapur","373":"Harda","374":"Hardoi","375":"Haridwar","376":"Harihar","377":"Hasanpur","378":"Hassan","379":"Hastsal","380":"Hathras","381":"Haveri","382":"Hazaribag","383":"Himatnagar","384":"Hindaun","385":"Hindupur","386":"Hinganghat","387":"Hingoli","388":"Hiriyur","389":"Hisar","390":"Hoogly","391":"Hosakote","392":"Hoshangabad","393":"Hoshiarpur","394":"Hospet","395":"Hosur","396":"Hubli","397":"HugliChunchura","398":"Hyderabad \/ Secunderabad","399":"Ichalkaranji","400":"Idappadi","401":"Ilkal","402":"Imphal","403":"Indore","404":"Ingraj Bazar","405":"Islampur","406":"Itanagar","407":"Itarsi","408":"Jabalpur","409":"Jabalpur Cantonment","410":"Jaffrabad","411":"Jagadhri","412":"Jagdalpur","413":"Jagraon","414":"Jagtial","415":"Jahanabad","416":"Jahangirabad","417":"Jaipur","418":"Jaisalmer","419":"Jalandhar","420":"Jalaun","421":"Jalgaon","422":"Jalna","423":"Jalor","424":"Jalpaiguri","425":"Jamalpur","426":"Jamkhandi","427":"Jammu","428":"Jamnagar","429":"Jamshedpur","430":"Jamui","431":"Jamuria","432":"Jangipur","433":"Jaora","434":"Jaunpur","435":"Jaypur","436":"Jetpur","437":"Jhalawar","438":"Jhansi","439":"Jhargram","440":"Jharia","441":"Jharsuguda","442":"Jhumri Tilaiya","443":"Jhunjhunun","444":"Jind","445":"Jodhpur","446":"Jorapokhar","447":"Jorhat","448":"Junagadh","449":"Kadayanallur","450":"Kadi","451":"Kadiri","452":"Kagaznagar","453":"Kairana","454":"Kaithal","455":"Kakinada","456":"Kalamassery","457":"Kaliyaganj","458":"Kallur","459":"Kalna","460":"Kalol","461":"Kalyan","462":"Kalyani","463":"Kamareddy","464":"Kamarhati","465":"Kambam","466":"Kamthi","467":"Kanakapura","468":"Kanchipuram","469":"Kanchrapara","470":"Kandi","471":"Kandla","472":"Kandukur","473":"Kannan Devan Hills","474":"Kannangad","475":"Kannauj","476":"Kannur","477":"Kanpur","478":"Kanpur Cantonment","479":"Kapra","480":"Kapurthala","481":"Karaikal","482":"Karanja","483":"Karauli","484":"Karawal Nagar","485":"Karimganj","486":"Karimnagar","487":"Karnal","488":"Karsiyang","489":"Karur","490":"Karwar","491":"Kasganj","492":"Kashipur","493":"Kataka","494":"Kathua","495":"Katihar","496":"Katras","497":"Katwa","498":"Kavali","499":"Kavundampalaiyam","500":"Kayankulam","501":"Kendujhar","502":"Keshod","503":"Khadki","504":"Khagaria","505":"Khagaul","506":"Khajuri Khas","507":"Khambhat","508":"Khamgaon","509":"Khammam","510":"Khandwa","511":"Khanna","512":"Kharagpur","513":"Kharagpur Railway Settlement","514":"Khardaha","515":"Khargone","516":"Kharia","517":"Khatauli","518":"Khopoli","519":"Khora","520":"Khurja","521":"Kirari Suleman Nagar","522":"Kiratpur","523":"Kishanganj","524":"Kishangarh","525":"Koch Bihar","526":"Kodad","527":"Kohima","528":"Kolar","529":"Kolhapur","530":"Kolkata","531":"Kollam","532":"Kollegal","533":"Konnagar","534":"Kopargaon","535":"Koppal","536":"Koratla","537":"Korba","538":"Kosi Kalan","539":"Kot Kapura","540":"Kota","541":"kothagudem","542":"Kottayam","543":"Kovilpatti","544":"Koyilandi","545":"Kozhikode","546":"Krishnagiri","547":"Krishnanagar","548":"Krishnarajapura","549":"Kuchaman","550":"kukatpally","551":"Kulti","552":"kulu","553":"manali","554":"Kumarapalaiyam","555":"Kumbakonam","556":"Kundla","557":"Kuniyamuthur","558":"Kunnamkulam","559":"Kurichi","560":"Kurnool","561":"Kurukshetra","562":"Ladnun","563":"Laharpur","564":"Lakhimpur","565":"Lakhisarai","566":"Lakhnau","567":"Lalbahadur Nagar","568":"Lalitpur","569":"Lanka","570":"Latur","571":"Lohardaga","572":"Lonavale","573":"Loni","574":"Lucknow","575":"Ludhiana","576":"Lunglei","577":"Machilipatnam","578":"Madgaon","579":"Madhavaram","580":"Madhipura","581":"Madhubani","582":"Madhyamgram","583":"Madurai","584":"Maduravoyal","585":"Mahadevapura","586":"Mahbubnagar","587":"Maheshtala","588":"Mahoba","589":"Mahuva","590":"Mainpuri","591":"Makrana","592":"Malappuram","593":"Malaut","594":"Malegaon","595":"Maler Kotla","596":"Malkajgiri","597":"Malkapur","598":"Mancherial","599":"Mandamarri","600":"Mandidip","601":"Mandoli","602":"Mandsaur","603":"Mandya","604":"Mangalagiri","605":"Mangalore","606":"Mango","607":"Mangrol","608":"Manjeri","609":"Manmad","610":"Mannargudi","611":"Mansa","612":"Markapur","613":"Masaurhi","614":"Mathura","615":"Mau","616":"Mauranipur","617":"Mawana","618":"Mayiladuthurai","619":"Meerut","620":"Memari","621":"Mettupalayam","622":"Mettur","623":"Midnapur","624":"Mira Bhayandar","625":"Mirat Cantonment","626":"Miryalaguda","627":"Mirzapur","628":"Mithe Pur","629":"Modasa","630":"Modinagar","631":"Moga","632":"Mohali","633":"Mokama","634":"Molarband","635":"Moradabad","636":"Morena","637":"Mormugao","638":"Morvi","639":"Motihari","640":"Mubarakpur","641":"Mughal Sarai","642":"Mumbai","643":"Mundka","644":"Munger","645":"Muradnagar","646":"Murwara","647":"Mustafabad","648":"Muzaffarnagar","649":"Muzaffarpur","650":"Mysore","651":"Nadiad","652":"Nagaon","653":"Nagapattinam","654":"Nagaur","655":"Nagda","656":"Nagercoil","657":"Nagina","658":"Nagpur","659":"Naihati","660":"Najibabad","661":"Nalasopara","662":"Nalgonda","663":"Namakkal","664":"Nanded","665":"Nandurbar","666":"Nandyal","667":"Nangloi Jat","668":"Narasapur","669":"Narasaraopet","670":"Narnaul","671":"Narwana","672":"Nashik","673":"Nasik","674":"Navadwip","675":"Navagam Ghed","676":"Navghar","677":"Navi Mumbai","678":"Navsari","679":"Nawabganj","680":"Nawada","681":"Nawalgarh","682":"Nedumangad","683":"Nellore","684":"Nerkunram","685":"Neyveli","686":"Neyyattinkara","687":"Ni Barakpur","688":"Ni Dilli","689":"Nimach","690":"Nimbahera","691":"Nipani","692":"Nirmal","693":"Nizamabad","694":"Noida","695":"Nokha","696":"North Barakpur","697":"North Dum Dum","698":"Nuzvid","699":"Obra","700":"Old Maldah","701":"Ongole","702":"Ooty","703":"Orai","704":"Osmanabad","705":"Ozhukarai","706":"Palakkad","707":"Palakollu","708":"Palasa","709":"Palghar","710":"Palghat","711":"Pali","712":"Palitana","713":"Pallavaram","714":"Pallichal","715":"Palwal","716":"Palwancha","717":"Pammal","718":"Panaji","719":"Panchkula","720":"Pandharpur","721":"Panihati","722":"Panipat","723":"Pannuratti","724":"Pantnagar","725":"Paradeep","726":"Paradwip","727":"Paramakkudi","728":"Parbhani","729":"Patan","730":"Patancheru","731":"Pathanamthitta","732":"Pathankot","733":"Patiala","734":"Patna","735":"Pattanagere","736":"Pattukkottai","737":"Payyannur","738":"Phagwara","739":"Phaltan","740":"Phulia","741":"Phulwari","742":"Phusro","743":"Piduguralla","744":"Pilibhit","745":"Pilkhuwa","746":"Pimpri","747":"Pithampur","748":"Pithoragarh","749":"Pollachi","750":"Pondicherry","751":"Ponnani","752":"Ponnur","753":"Porbandar","754":"Port Blair","755":"Proddatur","756":"Pudukkottai","757":"Pujali","758":"Pul Pehlad","759":"Puliyankudi","760":"Puna","761":"Punamalli","762":"Pune","763":"Pune Cantonment","764":"Puri","765":"Purnia","766":"Puruliya","767":"Pusad","768":"Puth Kalan","769":"Puttur","770":"Qutubullapur","771":"Rabkavi","772":"Rae Bareli","773":"Raghogarh","774":"Raichur","775":"Raiganj","776":"Raigarh","777":"Raipur","778":"Rajahmundry","779":"Rajampet","780":"Rajapalaiyam","781":"Rajendranagar","782":"Rajkot","783":"Rajnandgaon","784":"Rajpur","785":"Rajpura","786":"Rajsamand","787":"Ramachandrapuram","788":"Ramagundam","789":"Ramanagaram","790":"Ramanathapuram","791":"Ramgarh","792":"Ramgarh Nagla Kothi","793":"Ramod","794":"Rampur","795":"Rampur Hat","796":"Ranaghat","797":"Ranchi","798":"Ranibennur","799":"Raniganj","800":"Ranip","801":"Ratangarh","802":"Rath","803":"Ratlam","804":"Ratnagiri","805":"Raurkela","806":"Raurkela Industrial Township","807":"Raxaul","808":"Rayachoti","809":"Rayadrug","810":"Rayagada","811":"Renukut","812":"Rewa","813":"Rewari","814":"Rishikesh","815":"Rishra","816":"Robertsonpet","817":"Rohtak","818":"Roorke","819":"Roshan Pura","820":"Rourkela","821":"Rudrapur","822":"Rupnagar","823":"Rurki","824":"Sadat Pur Gujran","825":"Sagar","826":"Saharanpur","827":"Saharsa","828":"Sahaswan","829":"Sahibganj","830":"Salem","831":"Samalkot","832":"Samana","833":"Samastipur","834":"Sambalpur","835":"Sambhal","836":"Sandila","837":"Sangareddy","838":"SangliMiraj","839":"Sangrur","840":"Sankarankoil","841":"Sardarshahr","842":"Sarni","843":"Sasaram","844":"Satara","845":"Satna","846":"Sattenapalle","847":"Saunda","848":"Sawai Madhopur","849":"Sehore","850":"Sendhwa","851":"Seoni","852":"Serilingampally","853":"Shahabad","854":"Shahada","855":"Shahdol","856":"Shahjahanpur","857":"Shahpur","858":"Shajapur","859":"Shamli","860":"Shantipur","861":"Shegaon","862":"Sheopur","863":"Sherkot","864":"Shikohabad","865":"Shiliguri","866":"Shillong","867":"Shimla","868":"Shimoga","869":"Shirpur","870":"Shivapuri","871":"Sholapur","872":"Shorapur","873":"Shrirampur","874":"Sibsagar","875":"Siddhapur","876":"Siddipet","877":"Sidhi","878":"Sidlaghatta","879":"Sihor","880":"Sikandarabad","881":"Sikar","882":"Silchar","883":"Siliguri","884":"Sillod","885":"Sindari","886":"Singrauli","887":"Sira","888":"Sirhind","889":"Sirsa","890":"Sirsi","891":"Sirsilla","892":"Sitamarhi","893":"Sitapur","894":"Siuri","895":"Sivakasi","896":"Siwan","897":"Sonipat","898":"Sopur","899":"South Dum Dum","900":"Srikakulam","901":"Srikalahasti","902":"Srinagar","903":"Srivilliputtur","904":"Sujangarh","905":"Sukhmalpur Nizamabad","906":"Sultanpur","907":"Sultanpur Majra","908":"Sunabeda","909":"Sunam","910":"Supaul","911":"Surat","912":"Suratgarh","913":"Surendranagar","914":"suryapet","915":"Tadepalle","916":"Tadepalligudem","917":"Tadipatri","918":"Tajpul","919":"Talipparamba","920":"Tambaram","921":"Tanda","922":"Tandur","923":"Tanuku","924":"Tarn Taran","925":"Tenali","926":"Tenkasi","927":"Tezpur","928":"Thalassery","929":"Thaltej","930":"Thana","931":"Thanesar","932":"Thanjavur","933":"Theni Allinagaram","934":"Thiruthangal","935":"Thiruvananthapuram","936":"Thiruvarur","937":"Thrippunithura","938":"Thrissur","939":"Thuthukkudi","940":"Tigri","941":"Tikamgarh","942":"Tilhar","943":"Tindivanam","944":"Tinsukia","945":"Tiptur","946":"Tiruchchirappalli","947":"Tiruchengode","948":"Tirunalveli","949":"Tirunelveli","950":"Tirupathur","951":"Tirupati","952":"Tiruppur","953":"Tirupur","954":"Tirur","955":"Tiruvalla","956":"Tiruvannamalai","957":"Tiruvottiyur","958":"Titagarh","959":"Tohana","960":"Tonk","961":"Trivandram","962":"Trivandrum","963":"Tumkur","964":"Tundla","965":"Tuni","966":"Tura","967":"Tuticorin","968":"Udagamandalam","969":"Udaipur","970":"Udgir","971":"Udhampur","972":"Udumalaipettai","973":"Udupi","974":"Ujhani","975":"Ujjain","976":"Ulhasnagar","977":"Ullal","978":"Ulubaria","979":"Una","980":"Unjha","981":"Unnao","982":"Upleta","983":"Uppal Kalan","984":"Uran Islampur","985":"UttarparaKotrung","986":"Vadakara","987":"Vadodara","988":"Baroda","989":"Valparai","990":"Valsad","991":"Vaniyambadi","992":"Vapi","993":"Varanasi","994":"Vasai","995":"Vasco Da Gama","996":"Vastral","997":"Vejalpur","998":"Velampalaiyam","999":"Vellore","1000":"Veraval","1001":"Vidisha","1002":"Vijalpor","1003":"Vijayawada","1004":"Vikarabad","1005":"Viluppuram","1006":"Vinukonda","1007":"Virappanchatram","1008":"Virar","1009":"Virudhachalam","1010":"Virudunagar","1011":"Visakhapatnam","1012":"Visnagar","1013":"Vizianagaram","1014":"Vrindavan","1015":"Vuyyuru","1016":"Wadhwan","1017":"Wadi","1018":"Wani","1019":"Wanparti","1020":"Warangal","1021":"Wardha","1022":"Warud","1023":"Washim","1024":"Wokha","1025":"Yadgir","1026":"Yamunanagar","1027":"Yavatmal","1028":"Yelahanka","1029":"Yemmiganur","1030":"Ziauddin Pur","1031":"Amalapuram","1032":"Baddi","1033":"Chamba","1034":"Kala","1035":"Kullu","1036":"Mandi","1037":"Idukki","1038":"Kasargode","1039":"Wayanad","1040":"Banur","1041":"Morinda","1042":"Burdwan","1043":"Panjim","1044":"Katni","1045":"Nagar","1046":"Neemrana","1047":"Andaman Nicobar Islands","1048":"Dadra Nagar Haveli","1049":"Daman Diu","1050":"Lakshadweep","1051":"Silvassa","1052":"Dahej","1053":"Lakhtar","1054":"Mehsana","1055":"Mundra","1056":"Mumbai Suburbs","1057":"Raigad","1058":"Solapur","1059":"Tarapur","1060":"Thane","1061":"Kalpakkam","1062":"Mamandur","1063":"Trichy","1064":"Greater Noida","1065":"Bawal","1066":"Dharuhera","1067":"Manesar","1068":"Angul"}